{"data":{"Year":[2007,2008,2009,2010,2011,2012,2013,2014,2015,2016,2017,2018,2019,2020,2021,2022,2023],"Value":[2.190749,2.273953,2.326232,2.46199,2.608742,2.705494,2.821172,2.861361,2.902128,2.914302,2.930125,2.931575,2.931575,2.97943,2.97943,2.97943,2.97943]},"edges":[]}