{"data":{"Year":[2015,2016,2017,2018,2019,2020,2021,2015,2016,2017,2018,2019,2020,2021],"INCOME_WEALTH_QUANTILE":["B40","B40","B40","B40","B40","B40","B40",null,null,null,null,null,null,null],"Value":[2.219719,2.123527,2.781854,6.727296,5.152583,4.477454,4.602467,2.232286,2.860355,3.113207,6.297059,4.861775,2.671509,4.369451]},"edges":[]}