{"data":{"Year":[2019,2020,2021,2022,2023,2019,2020,2021,2022,2023,2019,2020,2021,2022,2023,2019,2020,2021,2022,2023,2019,2020,2021,2022,2023],"PRODUCT":[null,null,null,null,null,"_L_COMP_PER_EQUIP","_L_COMP_PER_EQUIP","_L_COMP_PER_EQUIP","_L_COMP_PER_EQUIP","_L_COMP_PER_EQUIP","_L_COMM_EQUIP","_L_COMM_EQUIP","_L_COMM_EQUIP","_L_COMM_EQUIP","_L_COMM_EQUIP","_L_COMM_ELECT","_L_COMM_ELECT","_L_COMM_ELECT","_L_COMM_ELECT","_L_COMM_ELECT","_L_OTHER_ELECT_COMP","_L_OTHER_ELECT_COMP","_L_OTHER_ELECT_COMP","_L_OTHER_ELECT_COMP","_L_OTHER_ELECT_COMP"],"Value":[0.088191,0.190134,0.454951,4.922975,4.148043,0.038998,0.140925,0.228917,0.522833,0.500646,0.028381,0.027425,0.037714,3.736535,2.791497,0.017069,0.004369,0.164215,0.55267,0.224826,0.003744,0.017414,0.024106,0.110938,0.631074]},"edges":[]}