{"data":{"Year":[2018,2019,2020,2021,2022,2023,2018,2019,2020,2021,2022,2023,2018,2019,2020,2021,2022,2023,2018,2019,2020,2021,2022,2023,2018,2019,2020,2021,2022,2023,2018,2019,2020,2021,2022,2023,2018,2019,2020,2021,2022,2023,2018,2019,2020,2021,2022,2023,2018,2019,2020,2021,2022,2023,2018,2019,2020,2021,2022,2023,2018,2019,2020,2021,2022,2023],"PRODUCT":["_L_AGG_GRAIN_PROCESS","_L_AGG_GRAIN_PROCESS","_L_AGG_GRAIN_PROCESS","_L_AGG_GRAIN_PROCESS","_L_AGG_GRAIN_PROCESS","_L_AGG_GRAIN_PROCESS","_L_AGG_WHEATS","_L_AGG_WHEATS","_L_AGG_WHEATS","_L_AGG_WHEATS","_L_AGG_WHEATS","_L_AGG_WHEATS","_L_AGG_BERRIES_PROCESS","_L_AGG_BERRIES_PROCESS","_L_AGG_BERRIES_PROCESS","_L_AGG_BERRIES_PROCESS","_L_AGG_BERRIES_PROCESS","_L_AGG_BERRIES_PROCESS","_L_AGG_POT_PROCESS","_L_AGG_POT_PROCESS","_L_AGG_POT_PROCESS","_L_AGG_POT_PROCESS","_L_AGG_POT_PROCESS","_L_AGG_POT_PROCESS","_L_AGG_VEGS_PROCESS","_L_AGG_VEGS_PROCESS","_L_AGG_VEGS_PROCESS","_L_AGG_VEGS_PROCESS","_L_AGG_VEGS_PROCESS","_L_AGG_VEGS_PROCESS","_L_AGG_MEATS","_L_AGG_MEATS","_L_AGG_MEATS","_L_AGG_MEATS","_L_AGG_MEATS","_L_AGG_MEATS","_L_AGG_DAIRY","_L_AGG_DAIRY","_L_AGG_DAIRY","_L_AGG_DAIRY","_L_AGG_DAIRY","_L_AGG_DAIRY","_L_AGG_EGGS_PROCESS","_L_AGG_EGGS_PROCESS","_L_AGG_EGGS_PROCESS","_L_AGG_EGGS_PROCESS","_L_AGG_EGGS_PROCESS","_L_AGG_EGGS_PROCESS","_L_AGG_SUGAR","_L_AGG_SUGAR","_L_AGG_SUGAR","_L_AGG_SUGAR","_L_AGG_SUGAR","_L_AGG_SUGAR","_L_AGG_VEGOILS","_L_AGG_VEGOILS","_L_AGG_VEGOILS","_L_AGG_VEGOILS","_L_AGG_VEGOILS","_L_AGG_VEGOILS","_L_AGG_FISH_PROCESS","_L_AGG_FISH_PROCESS","_L_AGG_FISH_PROCESS","_L_AGG_FISH_PROCESS","_L_AGG_FISH_PROCESS","_L_AGG_FISH_PROCESS"],"Value":[16.602255,18.656794,21.552025,35.5,32.9,34.8,47.264166,52.844311,57.606104,104.9,75.4,108.5,37.907717,68.831169,46.079137,66.5,66.1,81.2,0.72584,0.982676,1.311031,2.72283,3.2,2.5,3.936012,6.009859,7.036691,8.692405,10.6,11.1,15.047447,18.656057,16.623264,19.2,23.5,23.4,1.01277,1.799975,3.22542,1.8,1.8,2.0,0.623375,6.779139,11.599852,16.3,29.2,32.3,66.938776,56.2249,49.707602,142.6,110.7,89.0,396.581197,528.723404,1725.0,1018.6,1120.0,989.2,171.187427,109.830273,84.633344,30.1,14.5,11.0]},"edges":[]}