{"data":{"Year":[2016,2017,2018,2019,2020,2021,2022,2023,2024,2016,2017,2018,2019,2020,2021,2022,2023,2024,2016,2017,2018,2019,2020,2021,2022,2023,2024,2016,2017,2018,2019,2020,2021,2022,2023,2024,2016,2017,2018,2019,2020,2021,2022,2023,2024,2016,2017,2018,2019,2020,2021,2022,2023,2024,2016,2017,2018,2019,2020,2021,2022,2023,2024,2016,2017,2018,2019,2020,2021,2022,2023,2024,2016,2017,2018,2019,2020,2021,2022,2023,2024,2016,2017,2018,2019,2020,2021,2022,2023,2024],"REF_AREA":[null,null,null,null,null,null,null,null,null,"KG05","KG05","KG05","KG05","KG05","KG05","KG05","KG05","KG05","KG03","KG03","KG03","KG03","KG03","KG03","KG03","KG03","KG03","KG02","KG02","KG02","KG02","KG02","KG02","KG02","KG02","KG02","KG04","KG04","KG04","KG04","KG04","KG04","KG04","KG04","KG04","KG06","KG06","KG06","KG06","KG06","KG06","KG06","KG06","KG06","KG07","KG07","KG07","KG07","KG07","KG07","KG07","KG07","KG07","KG08","KG08","KG08","KG08","KG08","KG08","KG08","KG08","KG08","KG11","KG11","KG11","KG11","KG11","KG11","KG11","KG11","KG11","KG21","KG21","KG21","KG21","KG21","KG21","KG21","KG21","KG21"],"GeoCode":[null,null,null,null,null,null,null,null,null,"KG05","KG05","KG05","KG05","KG05","KG05","KG05","KG05","KG05","KG03","KG03","KG03","KG03","KG03","KG03","KG03","KG03","KG03","KG02","KG02","KG02","KG02","KG02","KG02","KG02","KG02","KG02","KG04","KG04","KG04","KG04","KG04","KG04","KG04","KG04","KG04","KG06","KG06","KG06","KG06","KG06","KG06","KG06","KG06","KG06","KG07","KG07","KG07","KG07","KG07","KG07","KG07","KG07","KG07","KG08","KG08","KG08","KG08","KG08","KG08","KG08","KG08","KG08","KG11","KG11","KG11","KG11","KG11","KG11","KG11","KG11","KG11","KG21","KG21","KG21","KG21","KG21","KG21","KG21","KG21","KG21"],"Value":[96.5,97.8,99.1,960.0,965.0,978.0,964.0,1004.0,951.0,97.9,99.1,96.5,98.8,98.5,97.9,96.4,104.062877,95.223918,94.4,97.1,97.6,95.1,96.8,96.8,97.9,102.935807,97.6,95.8,97.1,99.4,91.1,92.3,970.0,953.0,999.0,965.0,94.9,93.7,95.5,94.7,96.6,95.5,93.8,106.422869,92.6,92.4,94.8,94.2,96.1,96.3,97.1,95.5,103.813186,88.2,95.3,94.7,95.5,95.7,94.7,960.0,944.0,1044.0,959.0,98.0,97.5,99.4,89.0,94.7,97.6,95.0,101.98874,71.3,104.91,105.21,110.61,104.01,98.8,1000.0,987.0,906.0,1527.0,95.4,117.51,106.51,103.71,98.8,1010.0,973.0,932.0,1389.0]},"edges":[]}