Year,Value
2010,5.343817
2011,4.545729
2012,4.39021
2013,2.752053
2014,1.204544
2015,1.2463
2016,0.799505
2017,0.751264
2018,0.556849
2019,0.549336
2020,0.891488
