Year,Value
2007,5.968864
2008,6.611241000000001
2009,5.109426999999999
2010,5.204752
2011,2.488161
2012,1.394354
2013,3.1204330000000002
2014,2.594375
2015,2.1984619999999997
2016,2.327986
2017,2.1724930000000002
2018,2.163941
2007,59.241298
2008,61.233202
2009,48.534186
2010,49.060743
2011,22.957535
2012,12.62552
2013,28.824314
2014,24.113101999999998
2015,20.458403
2016,21.618658
2017,20.190277
2018,19.898854
