Year,Value,GeoCode
2018,48.5,
2019,52.21498,
2020,50.7,
2021,53.512342,
2022,55.235085,
