Year,Value
2007,0.102468
2008,0.6574220000000001
2009,0.037073
2010,0.23456100000000002
2011,0.32864899999999997
2012,0.297902
2013,0.062089
2014,0.113728
2015,0.532092
2016,0.21124
2017,0.193675
2018,0.21
