Year,Value,GeoCode
2015,10.810627,
2016,16.102629,
2017,20.2,
2018,12.4,
2019,14.11,
2020,12.3,
2021,24.4,
