Year,Value
2007,131.547158
2008,120.91338700000001
2009,92.62833499999999
2010,127.019995
2011,103.48574599999999
2012,104.494474
2013,101.769602
2014,113.85708100000001
2015,95.794976
2016,94.980194
2017,102.713332
2018,97.39431400000001
