Year,Value
2007,0.077639
2008,0.103795
2009,0.124661
2010,0.1017
2011,0.107723
2012,0.125562
2013,0.083925
2014,0.104881
2015,0.101567
2016,0.117451
2017,0.128435
2018,0.1297
2019,0.1
2020,0.1
