Year,Value,GeoCode
2010,22.425798,
2011,22.163632,
2012,21.846564,
2013,21.706653,
2014,21.256774,
2015,20.835687,
2016,20.895085,
2017,20.419612,
2018,20.251976,
2019,19.987648,
2020,19.605825,
2021,18.940845,
