Year,Value
2011,92.354935
2012,93.23105100000001
2013,89.6
2014,88.94600600000001
2015,89.13614
2016,89.949401
2017,91.106719
2018,91.811084
