Year,Value
2019,0.088191
2020,0.190134
2021,0.454951
2022,4.922975
2023,4.148043
