Year,Уровень дохода или квантиль благосостояния,Value
2015,Нижние 40%,2.219719
2016,Нижние 40%,2.123527
2017,Нижние 40%,2.781854
2018,Нижние 40%,6.727296
2019,Нижние 40%,5.152583
2020,Нижние 40%,4.477454
2021,Нижние 40%,4.602467
2015,,2.232286
2016,,2.860355
2017,,3.113207
2018,,6.297059
2019,,4.861775
2020,,2.671509
2021,,4.369451
