Year,Value,GeoCode
2018,57.9,
2019,64.352075,
2020,66.8,
2021,67.138142,
2022,68.403652,
