Year,Value
2019,2.093541
2020,1.776893
2021,2.915308
2022,5.783814
