Year,Value
2014,23.205713
2015,1736.99
2016,2008.5
2017,2015.49
2018,1878.49
2019,1720.426152
2020,1739.648626
2021,1673.350822
