Year,Value
2007,0.089219
2008,0.06383
2009,0.079787
2010,0.068571
2011,0.060241
2012,0.048193
2013,0.068493
2014,0.061224
2015,0.078571
2016,0.078125
2017,0.072
2018,0.094
2019,0.091303
2020,0.074862
2021,0.064467
