{"Year":[2007,2009,2010,2012,2013,2014,2015,2016,2017,2018,2019,2020],"Value":[0.005563,0.140359,0.003078,0.002556,1.679666,0.789433,0.970937,0.027618,0.093613,0.0002,0.026567,0.002]}