Year,Value
2007,2.190749
2008,2.273953
2009,2.326232
2010,2.46199
2011,2.608742
2012,2.705494
2013,2.821172
2014,2.861361
2015,2.902128
2016,2.914302
2017,2.930125
2018,2.931575
2019,2.931575
2020,2.97943
2021,2.97943
2022,2.97943
2023,2.97943
2024,3.034314
