Year,Value
2015,2.232286
2016,2.860355
2017,3.113207
2018,6.297059
2019,4.861775
2020,2.671509
2021,4.369451
2022,3.800766
