Year,Value
2008,152.427877
2009,114.438249
2010,106.183655
2011,123.92718
2012,108.95347
2013,95.637392
2014,123.673685
2015,102.218165
2016,106.196219
2017,112.95454
2018,109.961528
