Year,Value
2015,10.810627
2016,16.102629
2017,20.2
2018,12.4
