Year,Value
2015,23.470187
2016,28.487981
2017,31.143928000000002
2018,27.299498999999997
2019,28.931148999999998
