Year,Value,GeoCode
2015,23.470187,
2016,28.487981,
2017,31.143928,
2018,27.299499,
2019,28.931149,
2020,25.2,
