Year,Value
2007,131.547158
2008,120.913387
2009,92.628335
2010,127.019995
2011,103.485746
2012,104.494474
2013,101.769602
2014,113.857081
2015,95.794976
2016,94.980194
2017,102.713332
2018,97.394314
2019,105.744831
