Year,Value
2007,94.1
2008,95.3
2009,95.4
2010,96.5
2011,95.1
2012,96.2
2013,96.9
2014,95.8
2015,96.6
2016,96.1
2017,93.4
2018,94.5
2007,98.8
2008,99.1
2009,98.9
2010,98.3
2011,97.2
2012,97.7
2013,98.666102
2014,95.6
2015,99.1
2016,97.0
2017,94.7
2018,96.244215
2015,96.8
2016,97.2
2017,94.2
2018,92.0
