Year,Value,GeoCode
2010-A1,22.425798,
2011-A1,22.163632,
2012-A1,21.846564,
2013-A1,21.706653,
2014-A1,21.256774,
2015-A1,20.835687,
2016-A1,20.895085,
2017-A1,20.419612,
2018-A1,20.251976,
2019-A1,19.987648,
2020-A1,19.605825,
2021-A1,18.940845,
