Year,Value,GeoCode
2010,2.2,
2011,2.216363,
2012,2.184656,
2013,2.170665,
2014,2.1,
2015,2.1,
2016,2.1,
2017,2.0,
2018,2.0,
2019,1.998765,
2020,2.0,
2021,1.894085,
