Year,Value,GeoCode
2018,19.2,
2019,22.213001,
2020,22.1,
2021,20.609252,
