Year,Value
2016,76.65949
2017,79.591408
2018,75.693466
