Year,Value
2007,27.716013
2008,32.316212
2009,24.233586
2010,90.112821
2011,27.924874
2012,27.025060999999997
2013,38.431743
2014,29.216361
2015,22.079153
2016,24.463597
2017,17.014573000000002
2018,25.028299
2007,4.7929949999999995
2008,4.826447
2009,5.057444
2010,6.148875
2011,4.517258999999999
2012,4.781357
2013,5.835186
2014,3.602017
2015,4.103205
2016,5.048044
2017,6.691124
2018,1.516867
