Year,Value,GeoCode
2007,0.102468,
2008,0.657422,
2009,0.037073,
2010,0.234561,
2011,0.328649,
2012,0.297902,
2013,0.062089,
2014,0.113728,
2015,0.532092,
2016,0.21124,
2017,0.193675,
2018,0.21,
2019,0.052302,
2020,0.044166,
2021,0.261122,
