Year,Value
2007,12.682241
2008,11.85677
2009,11.505973
2010,10.442468
2011,11.743119
2012,11.831386
2013,12.209281
2014,11.581086
2015,10.209622
2016,10.170663
2017,9.727135
2018,20.734908
2019,8.555572
