Year,Value
2011,25.409176
2012,26.881444
2013,28.022386
2014,28.074762
2015,28.6
2016,30.19144
2017,31.303387
2018,31.5
2019,31.5
2020,34.377951
