Year,Value,SERIES
2015,10275.014,EN_ATM_CO2
2016,8840.465,EN_ATM_CO2
2017,9449.068,EN_ATM_CO2
2018,17858.411,EN_ATM_CO2
2019,15172.4,EN_ATM_CO2
2020,14711.29,EN_ATM_CO2
2015,2.386822,EN_ATM_CO2GDP
2016,1.855949,EN_ATM_CO2GDP
2017,1.781244,EN_ATM_CO2GDP
2018,0.032,EN_ATM_CO2GDP
2019,0.0257,EN_ATM_CO2GDP
2020,0.0246,EN_ATM_CO2GDP
2015,1.560781,EN_ATM_CO2MVA
2016,1.29663,EN_ATM_CO2MVA
2017,1.355711,EN_ATM_CO2MVA
2018,0.0737,EN_ATM_CO2MVA
2019,0.059,EN_ATM_CO2MVA
2020,0.0589,EN_ATM_CO2MVA
