{"data":{"Year":[2007,2008,2009,2010,2011,2012,2013,2014,2015,2016,2017,2018,2019,2020,2021,2022,2023],"Value":[1.124026,1.150702,1.176048,1.2,1.287183,1.283635,1.3,1.3,1.3,1.4,1.4,1.4,1.4,1.4,1.46836,1.5,1.5]},"edges":[]}