{"data":{"Year":[2014,2015,2016,2017,2018,2019,2020,2021],"Value":[23.205713,1736.99,2008.5,2015.49,1878.49,1720.426152,1739.648626,1673.350822]},"edges":[]}