{"data":{"Year":[2006,2007,2008,2009,2010,2011,2012,2013,2014,2015,2016,2017,2018,2019,2020,2021,2022,2023],"Value":[0.314595,0.904455,2.249222,3.194815,3.348052,4.122601,3.85286,3.465937,3.176387,3.375252,3.474627,3.020293,3.033582,9.623614,7.951582,8.882882,10.428142,12.642797]},"edges":[]}