Year,Value
2007,0.131641
2008,0.093408
2009,0.292075
2010,0.280044
2011,0.014719
2012,0.282856
2013,0.337489
2014,0.07079400000000001
2015,0.061812
2016,0.207433
2017,0.31
