Year,Value
2007,3.040621
2008,2.8227
2009,2.53626
2010,2.581546
2011,2.452673
2012,2.4
2013,2.365496
2014,2.325931
2015,2.201387
2016,2.181767
2017,2.280168
2018,2.791516
