Year,Value
2007,21.062709
2008,19.633713
2009,18.141025
2010,16.397145
2011,15.346363
2012,14.627093
2013,14.891975
2014,15.641512
2015,13.997993
2016,12.670713
2017,11.795339
2018,13
