Year,Value
2007,21.062708999999998
2008,19.633713
2009,18.141025
2010,16.397145000000002
2011,15.346363
2012,14.627092999999999
2013,14.891975
2014,15.641511999999999
2015,13.997993
2016,12.670713000000001
2017,11.795339
2018,13.0
