Year,Value
2007,115.478276
2008,106.340082
2009,103.932976
2010,101.138775
2011,100.367124
2012,104.342194
2013,102.43272
2014,101.065558
2015,98.249685
2016,93.423511
2017,90.6
