Year,Value
2007,7.76329
2008,10.378419000000001
2009,12.464527
2010,10.168944
2011,10.771106
2012,12.55459
2013,8.4
2014,10.5
2015,10.2
2016,11.7
2017,12.8
