Year,Value
2007,1.8436580000000002
2008,0.342848
2009,0.074304
2010,0.036711
2011,0.79786
2012,0.0535
2013,0.06993200000000001
2015,0.016786000000000002
2016,0.098687
2017,0.032266
2018,0.015815
