Year,Value
2011,9.955113
2012,10.075772
2013,8.0
2014,7.5
2015,5.9
2016,6.0
2017,5.3
2018,5.139872
