Year,Value
2007,12.090992
2008,10.585236
2009,10.866987
2010,9.159392
2011,9.955113
2012,10.075772
2013,8
2014,7.5
2015,5.9
2016,6
2017,5.3
2018,5.139872
