Year,Value
2007,98.436866
2008,98.483992
2009,98.495642
2010,98.309687
2011,98.622407
2012,98.838817
2013,98.985022
2014,99.176724
2015,99.230049
2016,99.185581
2017,99.3
2018,99.3
