{"Year":[2000,2001,2002,2003,2004,2005,2006,2007,2008,2009,2010,2011,2012,2013,2014,2015,2016,2017,2018,2019,2020,2021,2022,2023,2024],"Value":[14.79173,13.48321,57.42163,60.60937,62.84794,59.32929,47.03826,42.33294,47.14202,47.97097,49.54918,55.99245,60.68811,39.30148,41.14767,41.2417,41.70306,44.11981,45.78264,44.99331,42.71933,43.99715,46.96759,46.59431,46.93006]}