{"Year":[2000,2001,2002,2003,2004,2005,2006,2007,2008,2009,2010,2011,2012,2013,2014,2015,2016,2017,2018,2019,2020,2021,2022,2023],"Value":[201.22,97.290667,94.100667,171.588,203.523333,301.586667,233.559333,277.113663,373.671065,298.475905,368.57808,503.0149787,559.1853185,627.4884287,653.2583191,782.124008,453.2268658,473.896548,502.4740246,476.3788897,478.6347262,457.2146691,742.6848436,479.3238544]}