{"Year":[2018,2019,2020,2021,2022,2023,2024,2018,2019,2020,2021,2022,2023,2024],"SERIES":["_L_KG_020401_1A","_L_KG_020401_1A","_L_KG_020401_1A","_L_KG_020401_1A","_L_KG_020401_1A","_L_KG_020401_1A","_L_KG_020401_1A","_L_KG_020401_1B","_L_KG_020401_1B","_L_KG_020401_1B","_L_KG_020401_1B","_L_KG_020401_1B","_L_KG_020401_1B","_L_KG_020401_1B"],"Value":[36.365133,35.390811,35.943119,35.565161,36.8,35.5,40.2,2.452877,2.523219,2.198431,2.471049,2.7,2.5,2.7]}