Year,Value
2007,8.277782
2008,6.836681
2009,6.915016
2010,6.6
2011,6.879721
2012,6.187625
2013,5.8
2014,5.3
2015,5.1
2016,4.5
2017,4.7
2018,4.5
2019,4.7
