Year,Value
2010,214.643352
2011,223.172865
2012,183.173589
2013,214.906582
2014,178.260402
2015,195.24385800000002
2016,170.944426
2017,165.143944
2018,171.42668799999998
