{"Year":[2015,2016,2017,2018,2019,2020,2015,2016,2017,2018,2019,2020,2015,2016,2017,2018,2019,2020,2015,2016,2017,2018,2019,2020,2015,2016,2017,2018,2019,2020,2015,2016,2017,2018,2019,2020,2015,2016,2017,2018,2019,2020,2015,2016,2017,2018,2019,2020,2015,2016,2017,2018,2019,2020,2015,2016,2017,2018,2019,2020],"Reference area":[null,null,null,null,null,null,"Batken","Batken","Batken","Batken","Batken","Batken","Jalal-Abad","Jalal-Abad","Jalal-Abad","Jalal-Abad","Jalal-Abad","Jalal-Abad","Issyk-Kul","Issyk-Kul","Issyk-Kul","Issyk-Kul","Issyk-Kul","Issyk-Kul","Naryn","Naryn","Naryn","Naryn","Naryn","Naryn","Osh","Osh","Osh","Osh","Osh","Osh","Talas","Talas","Talas","Talas","Talas","Talas","Chui","Chui","Chui","Chui","Chui","Chui","Bishkek (city)","Bishkek (city)","Bishkek (city)","Bishkek (city)","Bishkek (city)","Bishkek (city)","Osh (city)","Osh (city)","Osh (city)","Osh (city)","Osh (city)","Osh (city)"],"GeoCode":[null,null,null,null,null,null,"KG05","KG05","KG05","KG05","KG05","KG05","KG03","KG03","KG03","KG03","KG03","KG03","KG02","KG02","KG02","KG02","KG02","KG02","KG04","KG04","KG04","KG04","KG04","KG04","KG06","KG06","KG06","KG06","KG06","KG06","KG07","KG07","KG07","KG07","KG07","KG07","KG08","KG08","KG08","KG08","KG08","KG08","KG11","KG11","KG11","KG11","KG11","KG11","KG21","KG21","KG21","KG21","KG21","KG21"],"Value":[23.470187,28.487981,31.143928,27.299499,28.931149,25.2,29.364645,47.911855,46.221681,42.644557,38.677928,39.4,43.58955,37.24933,35.4,32.708436,34.657679,35.1,-1.504559,16.638283,29.5,19.463418,31.583101,42.7,20.617825,19.923049,28.473393,30.739784,47.289369,37.5,34.255749,30.917948,32.665922,27.856595,37.990784,40.9,36.443189,34.131511,31.207421,34.060446,29.962169,36.7,31.422096,25.580014,38.456746,35.486614,23.647168,24.7,9.584576,12.583671,16.3,12.865469,16.50586,-8.0,16.932905,40.826476,42.862634,38.281575,31.381882,38.8]}