{"Year":[2000,2001,2002,2003,2004,2005,2006,2007,2008,2009,2010,2011,2012,2013,2014,2015,2016,2017,2018,2019,2020,2021,2022,2023],"Value":[0.163812064,0.297284121,1.886670737,3.664798619,8.096524523,12.73247312,16.69173342,18.51391468,23.7992695,20.93712476,26.41009388,27.56951508,30.75443255,31.05640923,30.03209073,25.2718946,29.27609033,32.27051727,32.50556873,28.78590499,31.80698267,32.56353561,26.57756064,20.3751488]}