Year,Value
2015,0.11852
2016,0.110957
2017,0.11
2018,0.1
2019,0.084954
2020,0.08355
2021,0.071024
