{"data":{"Year":[2015,2016,2017,2018,2019,2020,2021,2015,2016,2017,2018,2019,2020,2021],"\u0423\u0440\u043e\u0432\u0435\u043d\u044c \u0434\u043e\u0445\u043e\u0434\u0430 \u0438\u043b\u0438 \u043a\u0432\u0430\u043d\u0442\u0438\u043b\u044c \u0431\u043b\u0430\u0433\u043e\u0441\u043e\u0441\u0442\u043e\u044f\u043d\u0438\u044f":["\u041d\u0438\u0436\u043d\u0438\u0435 40%","\u041d\u0438\u0436\u043d\u0438\u0435 40%","\u041d\u0438\u0436\u043d\u0438\u0435 40%","\u041d\u0438\u0436\u043d\u0438\u0435 40%","\u041d\u0438\u0436\u043d\u0438\u0435 40%","\u041d\u0438\u0436\u043d\u0438\u0435 40%","\u041d\u0438\u0436\u043d\u0438\u0435 40%",null,null,null,null,null,null,null],"Value":[2.219719,2.123527,2.781854,6.727296,5.152583,4.477454,4.602467,2.232286,2.860355,3.113207,6.297059,4.861775,2.671509,4.369451]},"edges":[]}