{"data":{"Year":[2015,2016,2017,2018,2019,2020,2021,2015,2016,2017,2018,2019,2020,2021,2015,2016,2017,2018,2019,2020,2021,2015,2016,2017,2018,2019,2020,2021,2015,2016,2017,2018,2019,2020,2021,2015,2016,2017,2018,2019,2020,2021,2015,2016,2017,2018,2019,2020,2021,2015,2016,2017,2018,2019,2020,2021,2015,2016,2017,2018,2019,2020,2021,2015,2016,2017,2018,2019,2020,2021],"Reference area":[null,null,null,null,null,null,null,"Batken","Batken","Batken","Batken","Batken","Batken","Batken","Jalal-Abad","Jalal-Abad","Jalal-Abad","Jalal-Abad","Jalal-Abad","Jalal-Abad","Jalal-Abad","Issyk-Kul","Issyk-Kul","Issyk-Kul","Issyk-Kul","Issyk-Kul","Issyk-Kul","Issyk-Kul","Naryn","Naryn","Naryn","Naryn","Naryn","Naryn","Naryn","Osh","Osh","Osh","Osh","Osh","Osh","Osh","Talas","Talas","Talas","Talas","Talas","Talas","Talas","Chui","Chui","Chui","Chui","Chui","Chui","Chui","Bishkek (city)","Bishkek (city)","Bishkek (city)","Bishkek (city)","Bishkek (city)","Bishkek (city)","Bishkek (city)","Osh (city)","Osh (city)","Osh (city)","Osh (city)","Osh (city)","Osh (city)","Osh (city)"],"Value":[10.810627,16.102629,20.2,12.4,14.11,12.3,24.4,34.216964,51.97171,50.7,44.9,37.38,40.3,45.7,30.828434,35.669135,31.6,28.9,40.55,36.2,38.0,-8.771443,19.590714,25.6,16.6,45.71,44.3,51.3,-5.438854,-3.700551,16.3,5.4,24.57,36.0,51.5,18.022223,0.07913,16.9,5.4,12.6,2.7,13.0,16.930727,15.126177,17.2,24.8,29.45,32.9,36.4,25.703179,26.618611,28.8,16.2,17.36,11.3,27.0,-9.015999,-11.403693,-3.4,-12.8,-17.99,-18.2,2.7,10.609517,25.440447,37.2,39.6,22.75,33.0,40.4]},"edges":[]}