{"data":{"Year":[2015,2016,2017,2018,2019,2020,2021],"Value":[0.11852,0.110957,0.11,0.1,0.084954,0.08355,0.071024]},"edges":[]}