Year,Value
2010,4.004914
2011,2.513823
2012,5.205147
2013,3.503327
2014,4.079201
2015,2.863107
2016,2.262054
2017,2.558413
2018,1.934557
2019,2.1
2020,2.1
