{"Year":[2019,2020,2021,2022,2019,2020,2021,2022,2019,2020,2021,2022,2019,2020,2021,2022,2019,2020,2021,2022],"PRODUCT":[null,null,null,null,"_L_COMP_PER_EQUIP","_L_COMP_PER_EQUIP","_L_COMP_PER_EQUIP","_L_COMP_PER_EQUIP","_L_COMM_EQUIP","_L_COMM_EQUIP","_L_COMM_EQUIP","_L_COMM_EQUIP","_L_COMM_ELECT","_L_COMM_ELECT","_L_COMM_ELECT","_L_COMM_ELECT","_L_OTHER_ELECT_COMP","_L_OTHER_ELECT_COMP","_L_OTHER_ELECT_COMP","_L_OTHER_ELECT_COMP"],"Value":[2.093541,1.776893,2.915308,5.783814,0.8758,0.704303,1.32522,2.151089,0.916657,0.731091,0.905902,2.880714,0.216403,0.261201,0.573645,0.519339,0.084681,0.080297,0.110541,0.232671]}