{"Year":[2002,2003,2004,2005,2006,2007,2008,2009,2010,2011,2012,2013,2014,2015,2016,2017,2018,2019,2020,2021,2022,2023],"Value":[2.091996,0.043052,1.315262,0.264784,0.532574,0.7388,2.995924,3.058219,2.658333,4.796922,2.746933,3.793126,7.379341,0.267016,0.853798,0.937146,4.582705,0.542824,3.795364,0.4227,11.619307,9.382499]}