{"Year":[2019,2020,2021,2019,2020,2021,2019,2020,2021,2019,2020,2021,2019,2020,2021],"PRODUCT":[null,null,null,"_L_COMP_PER_EQUIP","_L_COMP_PER_EQUIP","_L_COMP_PER_EQUIP","_L_COMM_EQUIP","_L_COMM_EQUIP","_L_COMM_EQUIP","_L_COMM_ELECT","_L_COMM_ELECT","_L_COMM_ELECT","_L_OTHER_ELECT_COMP","_L_OTHER_ELECT_COMP","_L_OTHER_ELECT_COMP"],"Value":[2.093541,1.776893,1.466937,0.8758,0.704303,0.664276,0.916657,0.731091,0.453788,0.216403,0.261201,0.289615,0.084681,0.080297,0.059258]}