Year,SERIES,Value
2015,EN_ATM_CO2,10275.014
2016,EN_ATM_CO2,8840.465
2017,EN_ATM_CO2,9449.068
2018,EN_ATM_CO2,17858.411
2019,EN_ATM_CO2,15172.4
2020,EN_ATM_CO2,14711.29
2015,EN_ATM_CO2GDP,2.386822
2016,EN_ATM_CO2GDP,1.855949
2017,EN_ATM_CO2GDP,1.781244
2018,EN_ATM_CO2GDP,0.032
2019,EN_ATM_CO2GDP,0.0257
2020,EN_ATM_CO2GDP,0.0246
2015,EN_ATM_CO2MVA,1.560781
2016,EN_ATM_CO2MVA,1.29663
2017,EN_ATM_CO2MVA,1.355711
2018,EN_ATM_CO2MVA,0.0737
2019,EN_ATM_CO2MVA,0.059
2020,EN_ATM_CO2MVA,0.0589
